,,Número de sucessos,,,,,,,,,,Número de sucessos,,,,,,,,,
Número de d20,DT do dado,≥1 (=1),≥2 (=2),≥3 (=3),≥4 (=4),≥5 (=5),≥6 (=6),≥7 (=7),≥8 (=8),≥9 (=9),≥10 (=10),DT do dado,≥1 (=1),≥2 (=2),≥3 (=3),≥4 (=4),≥5 (=5),≥6 (=6),≥7 (=7),≥8 (=8),≥9 (=9),≥10 (=10)
1,20,05.00% (00.00%),05.00% (05.00%),,,,,,,,,19,10.00% (05.00%),05.00% (05.00%),,,,,,,,
2,,09.75% (00.50%),09.25% (09.00%),00.25% (00.00%),00.25% (00.25%),,,,,,,,18.50% (09.00%),09.50% (08.75%),00.75% (00.50%),00.25% (00.25%),,,,,,
3,,14.23% (01.35%),12.88% (12.15%),00.73% (00.04%),00.69% (00.68%),00.01% (00.00%),00.01% (00.01%),,,,,,25.75% (12.15%),13.60% (11.55%),02.05% (01.33%),00.73% (00.68%),00.05% (00.04%),00.01% (00.01%),,,,
4,,18.41% (02.43%),15.98% (14.58%),01.40% (00.14%),01.26% (01.22%),00.05% (00.00%),00.05% (00.05%),,,,,,31.96% (14.59%),17.37% (13.63%),03.75% (02.35%),01.40% (01.22%),00.18% (00.13%),00.05% (00.05%),,,,
5,,22.31% (03.65%),18.66% (16.42%),02.24% (00.30%),01.94% (01.82%),00.12% (00.01%),00.10% (00.10%),,,,,,37.30% (16.42%),20.88% (15.15%),05.72% (03.46%),02.26% (01.84%),00.41% (00.29%),00.12% (00.11%),00.01% (00.01%),,,
6,,25.91% (04.92%),20.99% (17.76%),03.23% (00.55%),02.68% (02.46%),00.22% (00.03%),00.19% (00.18%),00.01% (00.00%),00.01% (00.01%),,,,41.92% (17.77%),24.15% (16.26%),07.88% (04.62%),03.27% (02.51%),00.76% (00.52%),00.24% (00.20%),00.04% (00.03%),00.01% (00.01%),,
7,,29.24% (06.21%),23.03% (18.70%),04.34% (00.86%),03.48% (03.11%),00.37% (00.06%),00.31% (00.29%),00.02% (00.00%),00.02% (00.02%),,,,45.93% (18.72%),27.22% (17.05%),10.17% (05.75%),04.42% (03.20%),01.21% (00.81%),00.40% (00.32%),00.08% (00.06%),00.02% (00.02%),,
8,,32.30% (07.45%),24.84% (19.30%),05.54% (01.24%),04.30% (03.73%),00.57% (00.11%),00.45% (00.41%),00.04% (00.01%),00.03% (00.03%),,,,49.44% (19.33%),30.11% (17.59%),12.52% (06.84%),05.68% (03.90%),01.78% (01.15%),00.63% (00.48%),00.15% (00.11%),00.04% (00.04%),00.01% (00.01%),
9,,35.10% (08.64%),26.46% (19.65%),06.81% (01.68%),05.14% (04.33%),00.81% (00.19%),00.62% (00.56%),00.06% (00.01%),00.05% (00.05%),,,,52.53% (19.69%),32.85% (17.94%),14.91% (07.85%),07.05% (04.60%),02.46% (01.54%),00.92% (00.66%),00.25% (00.18%),00.08% (00.06%),00.02% (00.01%),
10,,37.67% (09.73%),27.93% (19.79%),08.15% (02.16%),05.99% (04.89%),01.10% (00.28%),00.82% (00.72%),00.10% (00.02%),00.08% (00.07%),00.01% (00.00%),,,55.27% (19.83%),35.44% (18.15%),17.29% (08.79%),08.51% (05.27%),03.23% (01.96%),01.27% (00.88%),00.39% (00.26%),00.12% (00.09%),00.03% (00.02%),00.01% (00.01%)
11,,40.01% (10.73%),29.28% (19.77%),09.51% (02.67%),06.84% (05.40%),01.44% (00.40%),01.04% (00.89%),00.15% (00.04%),00.11% (00.10%),00.01% (00.00%),00.01% (00.01%),,57.70% (19.81%),37.89% (18.24%),19.66% (09.63%),10.03% (05.93%),04.10% (02.42%),01.68% (01.12%),00.56% (00.37%),00.19% (00.14%),00.05% (00.04%),00.01% (00.01%)
12,,42.16% (11.62%),30.53% (19.63%),10.90% (03.21%),07.69% (05.87%),01.82% (00.53%),01.29% (01.08%),00.21% (00.06%),00.15% (00.13%),00.02% (00.00%),00.01% (00.01%),,59.88% (19.66%),40.23% (18.24%),21.99% (10.38%),11.61% (06.55%),05.05% (02.89%),02.16% (01.39%),00.77% (00.50%),00.28% (00.19%),00.08% (00.06%),00.02% (00.02%)
13,,44.12% (12.41%),31.71% (19.40%),12.31% (03.77%),08.54% (06.29%),02.25% (00.70%),01.55% (01.27%),00.29% (00.09%),00.20% (00.17%),00.03% (00.01%),00.02% (00.02%),,61.85% (19.40%),42.45% (18.17%),24.28% (11.05%),13.23% (07.15%),06.08% (03.37%),02.71% (01.68%),01.03% (00.65%),00.39% (00.26%),00.12% (00.08%),00.04% (00.03%)
14,,45.91% (13.09%),32.82% (19.11%),13.71% (04.32%),09.39% (06.67%),02.72% (00.88%),01.84% (01.46%),00.38% (00.12%),00.26% (00.22%),00.04% (00.01%),00.03% (00.02%),,63.64% (19.08%),44.56% (18.05%),26.51% (11.63%),14.88% (07.70%),07.18% (03.86%),03.32% (01.99%),01.34% (00.82%),00.52% (00.34%),00.18% (00.12%),00.06% (00.04%)
15,,47.55% (13.67%),33.87% (18.77%),15.10% (04.88%),10.22% (07.00%),03.22% (01.08%),02.14% (01.65%),00.49% (00.16%),00.33% (00.27%),00.06% (00.02%),00.04% (00.03%),,65.27% (18.70%),46.57% (17.88%),28.69% (12.13%),16.56% (08.22%),08.34% (04.35%),03.99% (02.31%),01.69% (01.00%),00.69% (00.44%),00.25% (00.16%),00.09% (00.06%)
16,,49.05% (14.16%),34.89% (18.41%),16.48% (05.43%),11.06% (07.29%),03.76% (01.30%),02.47% (01.84%),00.62% (00.22%),00.41% (00.33%),00.08% (00.03%),00.05% (00.04%),,66.76% (18.27%),48.49% (17.68%),30.81% (12.55%),18.26% (08.71%),09.55% (04.83%),04.72% (02.64%),02.09% (01.21%),00.88% (00.55%),00.33% (00.21%),00.12% (00.08%)
17,,50.43% (14.55%),35.88% (18.04%),17.84% (05.96%),11.88% (07.55%),04.33% (01.53%),02.80% (02.04%),00.77% (00.28%),00.49% (00.39%),00.10% (00.04%),00.07% (00.06%),,68.14% (17.83%),50.31% (17.45%),32.86% (12.90%),19.96% (09.15%),10.81% (05.30%),05.51% (02.98%),02.53% (01.43%),01.10% (00.67%),00.44% (00.27%),00.17% (00.11%)
18,,51.69% (14.86%),36.83% (17.66%),19.17% (06.46%),12.71% (07.77%),04.93% (01.78%),03.16% (02.22%),00.93% (00.34%),00.59% (00.45%),00.13% (00.05%),00.08% (00.07%),,69.42% (17.36%),52.06% (17.20%),34.85% (13.18%),21.67% (09.56%),12.10% (05.75%),06.35% (03.33%),03.02% (01.66%),01.36% (00.80%),00.56% (00.34%),00.22% (00.14%)
1,18,15.00% (10.00%),05.00% (05.00%),,,,,,,,,17,20.00% (15.00%),05.00% (05.00%),,,,,,,,
2,,26.75% (16.50%),10.25% (09.00%),01.25% (01.00%),00.25% (00.25%),,,,,,,,34.50% (23.00%),11.50% (09.75%),01.75% (01.50%),00.25% (00.25%),,,,,,
3,,36.08% (20.55%),15.53% (12.15%),03.38% (02.54%),00.84% (00.75%),00.09% (00.08%),00.01% (00.01%),,,,,,45.27% (26.77%),18.50% (13.72%),04.78% (03.75%),01.03% (00.90%),00.13% (00.11%),00.01% (00.01%),,,,
4,,43.58% (22.90%),20.68% (14.58%),06.10% (04.31%),01.79% (01.47%),00.32% (00.26%),00.06% (00.06%),00.01% (00.01%),,,,,53.48% (28.04%),25.45% (16.78%),08.67% (06.25%),02.42% (01.93%),00.49% (00.41%),00.08% (00.07%),00.01% (00.01%),,,
5,,49.70% (24.06%),25.63% (16.42%),09.21% (06.12%),03.09% (02.35%),00.75% (00.57%),00.17% (00.14%),00.03% (00.02%),,,,,59.89% (27.83%),32.06% (18.94%),13.12% (08.71%),04.41% (03.24%),01.17% (00.91%),00.25% (00.21%),00.04% (00.04%),00.01% (00.01%),,
6,,54.76% (24.43%),30.33% (17.76%),12.57% (07.86%),04.71% (03.34%),01.37% (01.01%),00.37% (00.29%),00.08% (00.06%),00.01% (00.01%),,,,65.01% (26.81%),38.20% (20.34%),17.86% (10.92%),06.94% (04.73%),02.20% (01.62%),00.59% (00.46%),00.13% (00.11%),00.02% (00.02%),,
7,,59.00% (24.25%),34.75% (18.69%),16.07% (09.45%),06.61% (04.40%),02.22% (01.55%),00.67% (00.50%),00.17% (00.13%),00.04% (00.03%),00.01% (00.01%),,,69.18% (25.36%),43.82% (21.10%),22.72% (12.82%),09.90% (06.29%),03.62% (02.49%),01.12% (00.83%),00.30% (00.23%),00.07% (00.05%),00.01% (00.01%),
8,,62.61% (23.72%),38.89% (19.28%),19.61% (10.86%),08.75% (05.47%),03.27% (02.18%),01.10% (00.78%),00.31% (00.23%),00.08% (00.06%),00.02% (00.01%),,,72.64% (23.71%),48.92% (21.36%),27.57% (14.36%),13.21% (07.82%),05.39% (03.49%),01.90% (01.32%),00.57% (00.42%),00.15% (00.12%),00.03% (00.03%),00.01% (00.01%)
9,,65.71% (22.96%),42.75% (19.60%),23.14% (12.08%),11.07% (06.54%),04.53% (02.87%),01.66% (01.13%),00.53% (00.38%),00.15% (00.11%),00.04% (00.03%),00.01% (00.01%),,75.56% (22.02%),53.54% (21.23%),32.31% (15.55%),16.76% (09.26%),07.50% (04.58%),02.92% (01.93%),00.99% (00.70%),00.30% (00.22%),00.08% (00.06%),00.02% (00.01%)
10,,68.40% (22.07%),46.34% (19.71%),26.63% (13.10%),13.53% (07.56%),05.97% (03.61%),02.36% (01.54%),00.82% (00.56%),00.26% (00.19%),00.07% (00.05%),00.02% (00.01%),,78.06% (20.35%),57.70% (20.82%),36.88% (16.41%),20.46% (10.57%),09.90% (05.70%),04.20% (02.63%),01.57% (01.05%),00.52% (00.37%),00.15% (00.11%),00.04% (00.03%)
11,,70.77% (21.10%),49.67% (19.64%),30.03% (13.93%),16.10% (08.52%),07.58% (04.38%),03.20% (02.00%),01.20% (00.79%),00.41% (00.29%),00.13% (00.09%),00.04% (00.03%),,80.21% (18.76%),61.45% (20.21%),41.24% (16.98%),24.26% (11.71%),12.55% (06.81%),05.74% (03.41%),02.33% (01.49%),00.84% (00.57%),00.27% (00.19%),00.08% (00.06%)
12,,72.87% (20.10%),52.76% (19.43%),33.34% (14.59%),18.75% (09.41%),09.33% (05.15%),04.18% (02.50%),01.68% (01.07%),00.62% (00.41%),00.20% (00.14%),00.06% (00.04%),,82.10% (17.27%),64.83% (19.46%),45.37% (17.29%),28.08% (12.68%),15.40% (07.88%),07.51% (04.24%),03.28% (01.99%),01.28% (00.83%),00.45% (00.31%),00.14% (00.10%)
13,,74.74% (19.10%),55.64% (19.11%),36.53% (15.09%),21.44% (10.22%),11.22% (05.92%),05.30% (03.04%),02.26% (01.38%),00.88% (00.57%),00.31% (00.21%),00.10% (00.07%),,83.76% (15.87%),67.88% (18.62%),49.26% (17.38%),31.88% (13.47%),18.40% (08.89%),09.51% (05.09%),04.42% (02.57%),01.85% (01.15%),00.70% (00.46%),00.24% (00.17%)
14,,76.43% (18.12%),58.31% (18.71%),39.59% (15.45%),24.14% (10.94%),13.21% (06.66%),06.55% (03.60%),02.95% (01.73%),01.21% (00.76%),00.46% (00.30%),00.16% (00.11%),,85.23% (14.59%),70.64% (17.73%),52.91% (17.30%),35.61% (14.09%),21.52% (09.81%),11.71% (05.96%),05.75% (03.19%),02.56% (01.52%),01.04% (00.65%),00.38% (00.25%)
15,,77.96% (17.17%),60.79% (18.25%),42.53% (15.68%),26.85% (11.56%),15.29% (07.37%),07.91% (04.18%),03.73% (02.12%),01.61% (00.97%),00.64% (00.41%),00.23% (00.16%),,86.53% (13.41%),73.13% (16.81%),56.32% (17.07%),39.25% (14.54%),24.72% (10.64%),14.08% (06.80%),07.28% (03.85%),03.42% (01.95%),01.47% (00.89%),00.58% (00.37%)
16,,79.35% (16.26%),63.09% (17.75%),45.35% (15.81%),29.54% (12.10%),17.44% (08.05%),09.39% (04.77%),04.62% (02.53%),02.09% (01.22%),00.87% (00.54%),00.34% (00.22%),,87.70% (12.32%),75.38% (15.88%),59.50% (16.72%),42.78% (14.84%),27.94% (11.35%),16.59% (07.62%),08.98% (04.54%),04.44% (02.43%),02.01% (01.17%),00.84% (00.52%)
17,,80.62% (15.38%),65.24% (17.21%),48.03% (15.84%),32.19% (12.55%),19.64% (08.68%),10.96% (05.35%),05.61% (02.96%),02.65% (01.49%),01.16% (00.69%),00.47% (00.29%),,88.75% (11.33%),77.43% (14.97%),62.46% (16.28%),46.18% (15.00%),31.18% (11.96%),19.22% (08.38%),10.84% (05.24%),05.60% (02.94%),02.66% (01.50%),01.17% (00.69%)
18,,81.79% (14.55%),67.24% (16.65%),50.59% (15.79%),34.80% (12.92%),21.88% (09.26%),12.63% (05.92%),06.70% (03.42%),03.29% (01.79%),01.49% (00.86%),00.63% (00.38%),,89.70% (10.42%),79.28% (14.08%),65.20% (15.77%),49.43% (15.04%),34.40% (12.45%),21.95% (09.09%),12.85% (05.93%),06.92% (03.49%),03.44% (01.86%),01.58% (00.91%)
1,16,25.00% (20.00%),05.00% (05.00%),,,,,,,,,15,30.00% (25.00%),05.00% (05.00%),,,,,,,,
2,,41.75% (28.50%),13.25% (11.00%),02.25% (02.00%),00.25% (00.25%),,,,,,,,48.50% (33.00%),15.50% (12.75%),02.75% (02.50%),00.25% (00.25%),,,,,,
3,,53.42% (31.05%),22.37% (16.05%),06.33% (05.04%),01.29% (01.13%),00.16% (00.15%),00.01% (00.01%),,,,,,60.60% (33.60%),27.00% (18.90%),08.10% (06.48%),01.62% (01.43%),00.20% (00.19%),00.01% (00.01%),,,,
4,,61.88% (30.62%),31.26% (19.62%),11.64% (08.34%),03.29% (02.60%),00.69% (00.58%),00.11% (00.10%),00.01% (00.01%),,,,,68.96% (31.21%),37.75% (22.63%),15.13% (10.69%),04.44% (03.50%),00.94% (00.80%),00.14% (00.13%),00.01% (00.01%),,,
5,,68.23% (28.79%),39.44% (21.78%),17.66% (11.43%),06.23% (04.50%),01.73% (01.35%),00.38% (00.31%),00.06% (00.06%),00.01% (00.01%),,,,75.01% (27.81%),47.20% (24.26%),22.94% (14.34%),08.60% (06.12%),02.49% (01.94%),00.55% (00.46%),00.09% (00.08%),00.01% (00.01%),,
6,,73.14% (26.39%),46.75% (22.78%),23.97% (14.02%),09.95% (06.59%),03.36% (02.43%),00.92% (00.72%),00.21% (00.17%),00.04% (00.03%),00.01% (00.00%),,,79.56% (24.29%),55.28% (24.39%),30.89% (17.08%),13.81% (08.87%),04.94% (03.53%),01.41% (01.09%),00.32% (00.26%),00.06% (00.05%),00.01% (00.01%),
7,,77.05% (23.85%),53.19% (22.91%),30.28% (16.02%),14.27% (08.68%),05.58% (03.76%),01.83% (01.33%),00.50% (00.39%),00.11% (00.09%),00.02% (00.02%),,,83.09% (21.00%),62.10% (23.53%),38.57% (18.86%),19.71% (11.43%),08.28% (05.42%),02.86% (02.05%),00.81% (00.62%),00.19% (00.15%),00.04% (00.03%),00.01% (00.00%)
8,,80.22% (21.39%),58.83% (22.43%),36.40% (17.42%),18.98% (10.61%),08.37% (05.23%),03.13% (02.13%),01.00% (00.73%),00.27% (00.21%),00.06% (00.05%),00.01% (00.01%),,85.89% (18.06%),67.83% (22.09%),45.73% (19.76%),25.97% (13.59%),12.38% (07.43%),04.96% (03.29%),01.67% (01.20%),00.47% (00.36%),00.11% (00.09%),00.02% (00.02%)
9,,82.84% (19.09%),63.75% (21.54%),42.21% (18.28%),23.93% (12.30%),11.63% (06.76%),04.87% (03.11%),01.76% (01.21%),00.55% (00.40%),00.15% (00.11%),00.03% (00.03%),,88.15% (15.51%),72.64% (20.36%),52.28% (19.95%),32.33% (15.25%),17.08% (09.38%),07.70% (04.73%),02.96% (01.99%),00.98% (00.70%),00.27% (00.21%),00.07% (00.05%)
10,,85.04% (17.01%),68.03% (20.40%),47.63% (18.67%),28.96% (13.68%),15.28% (08.26%),07.02% (04.20%),02.81% (01.83%),00.99% (00.68%),00.30% (00.22%),00.08% (00.06%),,89.99% (13.30%),76.69% (18.52%),58.17% (19.60%),38.57% (16.39%),22.18% (11.14%),11.04% (06.28%),04.75% (02.98%),01.77% (01.20%),00.57% (00.41%),00.16% (00.12%)
11,,86.90% (15.13%),71.77% (19.12%),52.65% (18.69%),33.96% (14.74%),19.22% (09.66%),09.56% (05.37%),04.19% (02.57%),01.62% (01.06%),00.55% (00.39%),00.17% (00.12%),,91.51% (11.42%),80.10% (16.69%),63.41% (18.85%),44.55% (17.03%),27.52% (12.63%),14.89% (07.84%),07.05% (04.13%),02.92% (01.86%),01.06% (00.72%),00.34% (00.24%)
12,,88.48% (13.46%),75.03% (17.78%),57.25% (18.40%),38.85% (15.50%),23.36% (10.92%),12.44% (06.56%),05.88% (03.41%),02.48% (01.55%),00.93% (00.62%),00.31% (00.22%),,92.78% (09.80%),82.98% (14.93%),68.04% (17.85%),50.19% (17.25%),32.94% (13.81%),19.14% (09.31%),09.82% (05.37%),04.46% (02.67%),01.79% (01.15%),00.64% (00.44%)
13,,89.85% (11.97%),77.88% (16.43%),61.45% (17.88%),43.57% (15.96%),27.61% (11.99%),15.62% (07.72%),07.90% (04.32%),03.58% (02.12%),01.46% (00.92%),00.53% (00.36%),,93.84% (08.42%),85.41% (13.29%),72.12% (16.69%),55.43% (17.11%),38.32% (14.64%),23.67% (10.63%),13.04% (06.64%),06.40% (03.60%),02.80% (01.71%),01.09% (00.71%)
14,,91.03% (10.65%),80.38% (15.12%),65.26% (17.20%),48.06% (16.17%),31.89% (12.86%),19.03% (08.82%),10.21% (05.27%),04.94% (02.78%),02.16% (01.30%),00.85% (00.55%),,94.73% (07.25%),87.48% (11.79%),75.70% (15.45%),60.25% (16.69%),43.55% (15.16%),28.39% (11.76%),16.63% (07.89%),08.74% (04.62%),04.13% (02.38%),01.75% (01.08%)
15,,92.06% (09.49%),82.58% (13.86%),68.71% (16.41%),52.31% (16.16%),36.15% (13.54%),22.61% (09.82%),12.79% (06.24%),06.56% (03.51%),03.05% (01.76%),01.29% (00.79%),,95.48% (06.24%),89.24% (10.42%),78.82% (14.19%),64.64% (16.06%),48.58% (15.39%),33.19% (12.66%),20.52% (09.06%),11.47% (05.68%),05.79% (03.15%),02.64% (01.55%)
16,,92.96% (08.45%),84.51% (12.68%),71.83% (15.54%),56.30% (15.96%),40.33% (14.02%),26.31% (10.70%),15.61% (07.18%),08.43% (04.28%),04.15% (02.29%),01.87% (01.10%),,96.12% (05.38%),90.74% (09.19%),81.55% (12.94%),68.61% (15.28%),53.33% (15.36%),37.97% (13.34%),24.64% (10.11%),14.53% (06.75%),07.79% (04.00%),03.79% (02.11%)
17,,93.75% (07.54%),86.21% (11.56%),74.65% (14.63%),60.02% (15.62%),44.40% (14.32%),30.08% (11.45%),18.63% (08.08%),10.55% (05.08%),05.47% (02.87%),02.60% (01.46%),,96.67% (04.64%),92.03% (08.09%),83.93% (11.74%),72.19% (14.39%),57.80% (15.12%),42.68% (13.78%),28.90% (11.01%),17.89% (07.78%),10.12% (04.89%),05.22% (02.76%)
18,,94.44% (06.72%),87.72% (10.53%),77.18% (13.71%),63.47% (15.15%),48.32% (14.45%),33.87% (12.06%),21.80% (08.92%),12.89% (05.89%),07.00% (03.50%),03.49% (01.89%),,97.13% (04.01%),93.12% (07.12%),86.00% (10.61%),75.40% (13.45%),61.95% (14.70%),47.24% (14.00%),33.24% (11.74%),21.50% (08.74%),12.76% (05.81%),06.94% (03.48%)
1,14,35.00% (30.00%),05.00% (05.00%),,,,,,,,,13,40.00% (35.00%),05.00% (05.00%),,,,,,,,
2,,54.75% (36.50%),18.25% (15.00%),03.25% (03.00%),00.25% (00.25%),,,,,,,,60.50% (39.00%),21.50% (17.75%),03.75% (03.50%),00.25% (00.25%),,,,,,
3,,66.88% (34.65%),32.23% (22.05%),10.18% (08.14%),02.04% (01.80%),00.24% (00.23%),00.01% (00.01%),,,,,,72.32% (34.43%),37.90% (25.27%),12.62% (10.10%),02.52% (02.25%),00.27% (00.26%),00.01% (00.01%),,,,
4,,74.89% (30.28%),44.60% (25.38%),19.22% (13.32%),05.90% (04.63%),01.26% (01.08%),00.18% (00.17%),00.02% (00.02%),,,,,79.82% (28.30%),51.53% (27.58%),23.95% (16.23%),07.72% (06.05%),01.67% (01.44%),00.23% (00.21%),00.02% (00.02%),,,
5,,80.50% (25.58%),54.92% (25.96%),28.95% (17.35%),11.60% (08.10%),03.50% (02.71%),00.78% (00.66%),00.13% (00.11%),00.01% (00.01%),,,,84.91% (22.66%),62.26% (26.67%),35.59% (20.30%),15.29% (10.46%),04.83% (03.73%),01.10% (00.92%),00.17% (00.16%),00.02% (00.02%),,
6,,84.60% (21.29%),63.31% (24.86%),38.45% (19.89%),18.56% (11.50%),07.06% (04.96%),02.11% (01.62%),00.49% (00.40%),00.09% (00.07%),00.01% (00.01%),,,88.53% (17.97%),70.56% (24.19%),46.37% (22.15%),24.22% (14.38%),09.84% (06.77%),03.07% (02.34%),00.72% (00.60%),00.13% (00.11%),00.02% (00.01%),
7,,87.70% (17.61%),70.09% (22.87%),47.22% (21.03%),26.19% (14.36%),11.84% (07.50%),04.33% (03.05%),01.28% (00.98%),00.30% (00.25%),00.06% (00.05%),00.01% (00.01%),,91.17% (14.21%),76.96% (21.13%),55.84% (22.27%),33.57% (17.21%),16.36% (09.98%),06.38% (04.41%),01.97% (01.49%),00.48% (00.39%),00.09% (00.08%),00.01% (00.01%)
8,,90.09% (14.53%),75.56% (20.50%),55.05% (21.08%),33.98% (16.44%),17.54% (10.01%),07.53% (04.85%),02.68% (01.89%),00.79% (00.60%),00.19% (00.15%),00.04% (00.03%),,93.15% (11.24%),81.92% (18.03%),63.89% (21.21%),42.67% (18.81%),23.86% (12.85%),11.01% (06.85%),04.16% (02.88%),01.27% (00.96%),00.31% (00.25%),00.06% (00.05%)
9,,91.96% (11.99%),79.97% (18.07%),61.90% (20.35%),41.56% (17.71%),23.84% (12.24%),11.61% (06.83%),04.78% (03.12%),01.66% (01.17%),00.49% (00.37%),00.12% (00.09%),,94.65% (08.90%),85.76% (15.16%),70.60% (19.48%),51.12% (19.32%),31.80% (15.05%),16.75% (09.35%),07.40% (04.67%),02.72% (01.89%),00.83% (00.62%),00.21% (00.17%)
10,,93.45% (09.90%),83.55% (15.74%),67.81% (19.11%),48.70% (18.25%),30.45% (14.01%),16.44% (08.81%),07.63% (04.59%),03.03% (02.00%),01.03% (00.73%),00.30% (00.23%),,95.80% (07.05%),88.75% (12.62%),76.13% (17.43%),58.70% (18.95%),39.75% (16.48%),23.27% (11.61%),11.66% (06.69%),04.96% (03.18%),01.79% (01.25%),00.54% (00.40%)
11,,94.63% (08.18%),86.46% (13.60%),72.86% (17.60%),55.26% (18.17%),37.09% (15.28%),21.81% (10.63%),11.18% (06.20%),04.98% (03.05%),01.93% (01.28%),00.65% (00.46%),,96.69% (05.60%),91.09% (10.43%),80.66% (15.30%),65.36% (17.98%),47.38% (17.15%),30.23% (13.44%),16.79% (08.73%),08.06% (04.73%),03.33% (02.15%),01.18% (00.82%)
12,,95.59% (06.77%),88.82% (11.68%),77.15% (15.95%),61.19% (17.62%),43.57% (16.03%),27.54% (12.18%),15.36% (07.83%),07.53% (04.29%),03.24% (02.02%),01.22% (00.82%),,97.38% (04.46%),92.93% (08.58%),84.35% (13.25%),71.10% (16.62%),54.48% (17.16%),37.31% (14.73%),22.59% (10.60%),11.99% (06.44%),05.55% (03.32%),02.24% (01.46%)
13,,96.37% (05.61%),90.76% (09.99%),80.77% (14.30%),66.48% (16.75%),49.73% (16.31%),33.42% (13.39%),20.03% (09.37%),10.66% (05.63%),05.03% (02.93%),02.10% (01.33%),,97.93% (03.55%),94.37% (07.03%),87.34% (11.34%),76.00% (15.07%),60.93% (16.66%),44.27% (15.47%),28.81% (12.16%),16.64% (08.15%),08.49% (04.68%),03.81% (02.31%)
14,,97.00% (04.65%),92.35% (08.51%),83.84% (12.69%),71.14% (15.65%),55.49% (16.20%),39.30% (14.23%),25.06% (10.73%),14.33% (07.00%),07.33% (03.98%),03.34% (01.98%),,98.35% (02.84%),95.51% (05.75%),89.76% (09.63%),80.13% (13.44%),66.69% (15.77%),50.92% (15.70%),35.22% (13.34%),21.87% (09.75%),12.13% (06.15%),05.98% (03.37%)
15,,97.52% (03.87%),93.65% (07.24%),86.41% (11.18%),75.23% (14.43%),60.80% (15.76%),45.04% (14.72%),30.32% (11.87%),18.45% (08.33%),10.11% (05.13%),04.99% (02.78%),,98.69% (02.27%),96.42% (04.70%),91.72% (08.12%),83.60% (11.84%),71.76% (14.65%),57.11% (15.49%),41.62% (14.11%),27.51% (11.12%),16.38% (07.63%),08.75% (04.57%)
16,,97.94% (03.21%),94.73% (06.15%),88.58% (09.80%),78.78% (13.17%),65.62% (15.08%),50.54% (14.87%),35.66% (12.74%),22.92% (09.55%),13.37% (06.31%),07.06% (03.69%),,98.95% (01.82%),97.14% (03.83%),93.31% (06.82%),86.49% (10.32%),76.17% (13.38%),62.79% (14.95%),47.84% (14.47%),33.37% (12.21%),21.16% (09.02%),12.13% (05.86%)
17,,98.29% (02.68%),95.62% (05.21%),90.40% (08.54%),81.86% (11.90%),69.96% (14.23%),55.73% (14.74%),40.99% (13.34%),27.65% (10.61%),17.03% (07.47%),09.56% (04.68%),,99.16% (01.45%),97.71% (03.12%),94.59% (05.70%),88.89% (08.92%),79.97% (12.06%),67.91% (14.14%),53.77% (14.47%),39.30% (12.98%),26.32% (10.25%),16.06% (07.16%)
18,,98.58% (02.23%),96.35% (04.41%),91.94% (07.42%),84.52% (10.67%),73.84% (13.27%),60.57% (14.38%),46.19% (13.67%),32.52% (11.48%),21.04% (08.57%),12.47% (05.71%),,99.33% (01.17%),98.16% (02.54%),95.62% (04.74%),90.88% (07.66%),83.22% (10.75%),72.47% (13.17%),59.30% (14.16%),45.14% (13.42%),31.72% (11.26%),20.45% (08.40%)
1,12,45.00% (40.00%),05.00% (05.00%),,,,,,,,,11,50.00% (45.00%),05.00% (05.00%),,,,,,,,
2,,65.75% (40.50%),25.25% (21.00%),04.25% (04.00%),00.25% (00.25%),,,,,,,,70.50% (41.00%),29.50% (24.75%),04.75% (04.50%),00.25% (00.25%),,,,,,
3,,77.03% (33.15%),43.88% (28.35%),15.53% (12.44%),03.09% (02.78%),00.31% (00.30%),00.01% (00.01%),,,,,,81.05% (31.05%),50.00% (31.05%),18.95% (15.22%),03.73% (03.38%),00.35% (00.34%),00.01% (00.01%),,,,
4,,83.91% (25.61%),58.30% (28.98%),29.32% (19.36%),09.96% (07.80%),02.17% (01.88%),00.29% (00.27%),00.02% (00.02%),,,,,87.28% (22.55%),64.73% (29.47%),35.27% (22.55%),12.72% (09.94%),02.78% (02.43%),00.35% (00.33%),00.02% (00.02%),,,
5,,88.44% (19.44%),69.01% (26.33%),42.67% (22.94%),19.73% (13.18%),06.55% (05.04%),01.51% (01.28%),00.23% (00.21%),00.02% (00.02%),,,,91.24% (16.21%),75.03% (25.03%),50.00% (25.03%),24.97% (16.21%),08.76% (06.71%),02.05% (01.74%),00.31% (00.28%),00.03% (00.03%),,
6,,91.56% (14.68%),76.88% (22.53%),54.35% (23.63%),30.71% (17.34%),13.38% (09.00%),04.37% (03.32%),01.05% (00.87%),00.18% (00.16%),00.02% (00.02%),,,93.87% (11.65%),82.22% (20.15%),62.07% (24.15%),37.93% (20.15%),17.78% (11.65%),06.13% (04.63%),01.50% (01.25%),00.25% (00.22%),00.03% (00.03%),
7,,93.76% (11.09%),82.67% (18.64%),64.04% (22.43%),41.61% (19.70%),21.91% (12.78%),09.13% (06.17%),02.95% (02.22%),00.73% (00.59%),00.14% (00.12%),00.02% (00.02%),,95.67% (08.40%),87.27% (15.75%),71.52% (21.52%),50.00% (21.52%),28.48% (15.75%),12.73% (08.40%),04.33% (03.24%),01.10% (00.89%),00.20% (00.18%),00.03% (00.02%)
8,,95.35% (08.39%),86.96% (15.11%),71.86% (20.21%),51.65% (20.39%),31.26% (15.70%),15.55% (09.30%),06.26% (04.25%),02.01% (01.50%),00.51% (00.41%),00.10% (00.08%),,96.91% (06.07%),90.84% (12.10%),78.74% (18.27%),60.47% (20.95%),39.53% (18.27%),21.26% (12.10%),09.16% (06.07%),03.09% (02.29%),00.80% (00.64%),00.16% (00.13%)
9,,96.52% (06.36%),90.15% (12.09%),78.06% (17.59%),60.48% (19.82%),40.66% (17.48%),23.18% (12.16%),11.01% (06.70%),04.31% (02.94%),01.38% (01.02%),00.35% (00.28%),,97.78% (04.40%),93.39% (09.20%),84.18% (15.02%),69.16% (19.16%),50.00% (19.16%),30.84% (15.02%),15.82% (09.20%),06.61% (04.40%),02.22% (01.63%),00.59% (00.47%)
10,,97.38% (04.84%),92.54% (09.60%),82.94% (14.94%),68.00% (18.42%),49.58% (18.16%),31.43% (14.40%),17.03% (09.24%),07.79% (04.81%),02.98% (02.03%),00.95% (00.70%),,98.40% (03.20%),95.21% (06.95%),88.25% (12.08%),76.18% (16.80%),59.37% (18.75%),40.63% (16.80%),23.82% (12.08%),11.75% (06.95%),04.79% (03.20%),01.60% (01.17%)
11,,98.01% (03.68%),94.33% (07.57%),86.76% (12.47%),74.29% (16.57%),57.71% (17.91%),39.80% (15.85%),23.95% (11.53%),12.42% (06.92%),05.50% (03.44%),02.07% (01.41%),,98.84% (02.33%),96.51% (05.23%),91.29% (09.56%),81.72% (14.28%),67.44% (17.44%),50.00% (17.44%),32.56% (14.28%),18.28% (09.56%),08.71% (05.23%),03.49% (02.33%)
12,,98.49% (02.81%),95.68% (05.96%),89.73% (10.28%),79.45% (14.55%),64.90% (17.00%),47.89% (16.49%),31.40% (13.34%),18.06% (09.04%),09.02% (05.13%),03.89% (02.45%),,99.16% (01.70%),97.46% (03.92%),93.54% (07.49%),86.05% (11.86%),74.19% (15.63%),58.56% (17.13%),41.44% (15.63%),25.81% (11.86%),13.95% (07.49%),06.46% (03.92%)
13,,98.85% (02.15%),96.70% (04.67%),92.03% (08.39%),83.64% (12.53%),71.11% (15.66%),55.45% (16.44%),39.01% (14.57%),24.44% (10.94%),13.50% (06.97%),06.53% (03.78%),,99.39% (01.24%),98.14% (02.93%),95.21% (05.81%),89.40% (09.69%),79.71% (13.60%),66.11% (16.11%),50.00% (16.11%),33.89% (13.60%),20.29% (09.69%),10.60% (05.81%)
14,,99.12% (01.65%),97.48% (03.66%),93.82% (06.80%),87.02% (10.64%),76.39% (14.09%),62.30% (15.84%),46.46% (15.19%),31.27% (12.47%),18.80% (08.78%),10.02% (05.31%),,99.55% (00.91%),98.64% (02.19%),96.45% (04.48%),91.97% (07.80%),84.17% (11.57%),72.59% (14.66%),57.93% (15.86%),42.07% (14.66%),27.41% (11.57%),15.83% (07.80%)
15,,99.33% (01.26%),98.07% (02.86%),95.21% (05.48%),89.73% (08.93%),80.81% (12.43%),68.38% (14.85%),53.53% (15.26%),38.27% (13.54%),24.73% (10.40%),14.33% (06.93%),,99.67% (00.67%),99.00% (01.64%),97.37% (03.44%),93.93% (06.22%),87.71% (09.68%),78.04% (12.99%),65.05% (15.05%),50.00% (15.05%),34.95% (12.99%),21.96% (09.68%)
16,,99.49% (00.97%),98.52% (02.23%),96.28% (04.39%),91.89% (07.42%),84.48% (10.80%),73.68% (13.60%),60.07% (14.87%),45.20% (14.14%),31.07% (11.73%),19.34% (08.50%),,99.76% (00.49%),99.27% (01.22%),98.05% (02.63%),95.42% (04.91%),90.51% (07.97%),82.53% (11.26%),71.27% (13.85%),57.42% (14.84%),42.58% (13.85%),28.73% (11.26%)
17,,99.61% (00.75%),98.86% (01.74%),97.12% (03.51%),93.61% (06.12%),87.49% (09.27%),78.23% (12.24%),65.99% (14.12%),51.87% (14.28%),37.59% (12.69%),24.90% (09.92%),,99.82% (00.36%),99.46% (00.91%),98.55% (02.00%),96.55% (03.85%),92.70% (06.49%),86.20% (09.59%),76.61% (12.44%),64.17% (14.17%),50.00% (14.17%),35.83% (12.44%)
18,,99.70% (00.58%),99.12% (01.36%),97.76% (02.79%),94.97% (05.01%),89.96% (07.87%),82.09% (10.84%),71.25% (13.13%),58.12% (14.04%),44.09% (13.26%),30.83% (11.09%),,99.87% (00.27%),99.60% (00.68%),98.92% (01.52%),97.40% (03.00%),94.40% (05.23%),89.16% (08.05%),81.11% (10.95%),70.16% (13.16%),57.00% (13.99%),43.00% (13.16%)
1,10,55.00% (50.00%),05.00% (05.00%),,,,,,,,,9,60.00% (55.00%),05.00% (05.00%),,,,,,,,
2,,74.75% (40.50%),34.25% (29.00%),05.25% (05.00%),00.25% (00.25%),,,,,,,,78.50% (39.00%),39.50% (33.75%),05.75% (05.50%),00.25% (00.25%),,,,,,
3,,84.48% (28.35%),56.13% (33.15%),22.98% (18.54%),04.44% (04.05%),00.39% (00.38%),00.01% (00.01%),,,,,,87.38% (25.28%),62.10% (34.42%),27.68% (22.45%),05.23% (04.80%),00.43% (00.41%),00.01% (00.01%),,,,
4,,90.04% (19.36%),70.68% (28.98%),41.70% (25.61%),16.09% (12.57%),03.52% (03.10%),00.42% (00.40%),00.03% (00.03%),,,,,92.28% (16.23%),76.05% (27.58%),48.47% (28.30%),20.18% (15.77%),04.41% (03.91%),00.50% (00.47%),00.03% (00.03%),,,
5,,93.45% (13.18%),80.27% (22.94%),57.33% (26.33%),30.99% (19.44%),11.56% (08.82%),02.74% (02.34%),00.40% (00.36%),00.03% (00.03%),,,,95.17% (10.46%),84.71% (20.30%),64.41% (26.67%),37.74% (22.66%),15.09% (11.48%),03.61% (03.10%),00.50% (00.46%),00.04% (00.04%),,
6,,95.63% (09.00%),86.62% (17.34%),69.29% (23.63%),45.65% (22.53%),23.12% (14.68%),08.44% (06.34%),02.11% (01.76%),00.35% (00.31%),00.04% (00.04%),,,96.93% (06.77%),90.16% (14.38%),75.78% (22.15%),53.63% (24.19%),29.44% (17.97%),11.47% (08.56%),02.92% (02.45%),00.47% (00.42%),00.05% (00.05%),
7,,97.05% (06.17%),90.87% (12.78%),78.09% (19.70%),58.39% (22.43%),35.96% (18.64%),17.33% (11.09%),06.24% (04.62%),01.62% (01.32%),00.29% (00.26%),00.04% (00.03%),,98.03% (04.41%),93.62% (09.98%),83.64% (17.21%),66.43% (22.27%),44.16% (21.13%),23.04% (14.21%),08.83% (06.48%),02.35% (01.92%),00.42% (00.37%),00.05% (00.05%)
8,,97.99% (04.25%),93.74% (09.30%),84.45% (15.70%),68.74% (20.39%),48.35% (20.21%),28.14% (15.11%),13.04% (08.39%),04.65% (03.41%),01.24% (01.00%),00.24% (00.21%),,98.73% (02.88%),95.84% (06.85%),88.99% (12.85%),76.14% (18.81%),57.33% (21.21%),36.11% (18.03%),18.08% (11.24%),06.85% (04.97%),01.88% (01.51%),00.37% (00.32%)
9,,98.62% (02.94%),95.69% (06.70%),88.99% (12.16%),76.82% (17.48%),59.34% (19.82%),39.52% (17.59%),21.94% (12.09%),09.85% (06.36%),03.48% (02.53%),00.95% (00.75%),,99.17% (01.89%),97.28% (04.67%),92.60% (09.35%),83.25% (15.05%),68.20% (19.32%),48.88% (19.48%),29.40% (15.16%),14.24% (08.90%),05.35% (03.84%),01.51% (01.19%)
10,,99.05% (02.03%),97.02% (04.81%),92.21% (09.24%),82.97% (14.40%),68.57% (18.16%),50.42% (18.42%),32.00% (14.94%),17.06% (09.60%),07.46% (04.84%),02.62% (01.89%),,99.46% (01.25%),98.21% (03.18%),95.04% (06.69%),88.34% (11.61%),76.73% (16.48%),60.25% (18.95%),41.30% (17.43%),23.87% (12.62%),11.25% (07.05%),04.20% (02.99%)
11,,99.35% (01.41%),97.93% (03.44%),94.50% (06.92%),87.58% (11.53%),76.05% (15.85%),60.20% (17.91%),42.29% (16.57%),25.71% (12.47%),13.24% (07.57%),05.67% (03.68%),,99.64% (00.82%),98.82% (02.15%),96.67% (04.73%),91.94% (08.73%),83.21% (13.44%),69.77% (17.15%),52.62% (17.98%),34.64% (15.30%),19.34% (10.43%),08.91% (05.60%)
12,,99.55% (00.98%),98.56% (02.45%),96.11% (05.13%),90.98% (09.04%),81.94% (13.34%),68.60% (16.49%),52.11% (17.00%),35.10% (14.55%),20.55% (10.28%),10.27% (05.96%),,99.76% (00.54%),99.22% (01.46%),97.76% (03.32%),94.45% (06.44%),88.01% (10.60%),77.41% (14.73%),62.69% (17.16%),45.52% (16.62%),28.90% (13.25%),15.65% (08.58%)
13,,99.68% (00.69%),99.00% (01.75%),97.25% (03.78%),93.47% (06.97%),86.50% (10.94%),75.56% (14.57%),60.99% (16.44%),44.55% (15.66%),28.89% (12.53%),16.36% (08.39%),,99.84% (00.36%),99.48% (00.98%),98.50% (02.31%),96.19% (04.68%),91.51% (08.15%),83.36% (12.16%),71.19% (15.47%),55.73% (16.66%),39.07% (15.07%),24.00% (11.34%)
14,,99.78% (00.48%),99.30% (01.24%),98.06% (02.77%),95.29% (05.31%),89.98% (08.78%),81.20% (12.47%),68.73% (15.19%),53.54% (15.84%),37.70% (14.09%),23.61% (10.64%),,99.90% (00.24%),99.66% (00.66%),98.99% (01.60%),97.39% (03.37%),94.02% (06.15%),87.87% (09.75%),78.13% (13.34%),64.78% (15.70%),49.08% (15.77%),33.31% (13.44%)
15,,99.85% (00.34%),99.51% (00.88%),98.63% (02.02%),96.61% (04.01%),92.60% (06.93%),85.67% (10.40%),75.27% (13.54%),61.73% (15.26%),46.47% (14.85%),31.62% (12.43%),,99.93% (00.16%),99.77% (00.45%),99.32% (01.11%),98.22% (02.40%),95.82% (04.57%),91.25% (07.63%),83.62% (11.12%),72.49% (14.11%),58.38% (15.49%),42.89% (14.65%)
16,,99.89% (00.24%),99.66% (00.63%),99.03% (01.47%),97.56% (03.00%),94.56% (05.40%),89.16% (08.50%),80.66% (11.73%),68.93% (14.14%),54.80% (14.87%),39.93% (13.60%),,99.95% (00.11%),99.85% (00.30%),99.54% (00.76%),98.78% (01.70%),97.08% (03.36%),93.73% (05.86%),87.87% (09.02%),78.84% (12.21%),66.63% (14.47%),52.16% (14.95%)
17,,99.92% (00.17%),99.76% (00.45%),99.31% (01.06%),98.25% (02.24%),96.01% (04.16%),91.85% (06.84%),85.02% (09.92%),75.10% (12.69%),62.41% (14.28%),48.13% (14.12%),,99.97% (00.07%),99.90% (00.20%),99.69% (00.52%),99.17% (01.20%),97.97% (02.44%),95.53% (04.43%),91.10% (07.16%),83.94% (10.25%),73.68% (12.98%),60.70% (14.47%)
18,,99.95% (00.12%),99.83% (00.32%),99.51% (00.77%),98.74% (01.66%),97.09% (03.18%),93.91% (05.42%),88.49% (08.23%),80.26% (11.09%),69.17% (13.26%),55.91% (14.04%),,99.98% (00.05%),99.93% (00.14%),99.79% (00.36%),99.43% (00.84%),98.60% (01.76%),96.83% (03.31%),93.52% (05.58%),87.94% (08.40%),79.55% (11.26%),68.28% (13.42%)
1,8,65.00% (60.00%),05.00% (05.00%),,,,,,,,,7,70.00% (65.00%),05.00% (05.00%),,,,,,,,
2,,81.75% (36.50%),45.25% (39.00%),06.25% (06.00%),00.25% (00.25%),,,,,,,,84.50% (33.00%),51.50% (44.75%),06.75% (06.50%),00.25% (00.25%),,,,,,
3,,89.83% (22.05%),67.78% (34.65%),33.12% (27.04%),06.09% (05.62%),00.46% (00.45%),00.01% (00.01%),,,,,,91.90% (18.90%),73.00% (33.60%),39.40% (32.38%),07.03% (06.53%),00.50% (00.49%),00.01% (00.01%),,,,
4,,94.10% (13.32%),80.78% (25.38%),55.40% (30.29%),25.11% (19.66%),05.45% (04.86%),00.59% (00.56%),00.03% (00.03%),,,,,95.56% (10.69%),84.87% (22.63%),62.25% (31.21%),31.04% (24.38%),06.66% (05.98%),00.68% (00.65%),00.03% (00.03%),,,
5,,96.50% (08.10%),88.40% (17.35%),71.05% (25.97%),45.08% (25.58%),19.50% (14.80%),04.70% (04.07%),00.63% (00.59%),00.05% (00.05%),,,,97.51% (06.12%),91.40% (14.34%),77.06% (24.26%),52.80% (27.81%),24.99% (18.93%),06.05% (05.27%),00.78% (00.73%),00.06% (00.05%),,
6,,97.89% (04.96%),92.94% (11.50%),81.44% (19.89%),61.55% (24.86%),36.69% (21.29%),15.40% (11.41%),03.99% (03.36%),00.63% (00.57%),00.06% (00.06%),,,98.59% (03.53%),95.06% (08.87%),86.19% (17.08%),69.11% (24.39%),44.72% (24.29%),20.44% (15.05%),05.38% (04.56%),00.83% (00.75%),00.08% (00.07%),
7,,98.72% (03.05%),95.67% (07.50%),88.16% (14.36%),73.81% (21.03%),52.78% (22.87%),29.91% (17.61%),12.30% (08.95%),03.35% (02.76%),00.60% (00.53%),00.07% (00.06%),,99.19% (02.05%),97.14% (05.42%),91.72% (11.43%),80.29% (18.86%),61.43% (23.53%),37.90% (21.00%),16.91% (12.17%),04.73% (03.91%),00.82% (00.73%),00.09% (00.09%)
8,,99.21% (01.89%),97.32% (04.85%),92.47% (10.01%),82.46% (16.44%),66.02% (21.08%),44.95% (20.50%),24.44% (14.53%),09.91% (07.10%),02.81% (02.26%),00.55% (00.47%),,99.53% (01.20%),98.33% (03.29%),95.04% (07.43%),87.62% (13.59%),74.03% (19.76%),54.27% (22.09%),32.17% (18.06%),14.11% (09.98%),04.13% (03.34%),00.80% (00.69%)
9,,99.51% (01.17%),98.34% (03.12%),95.22% (06.83%),88.39% (12.24%),76.16% (17.71%),58.44% (20.35%),38.10% (18.07%),20.03% (11.99%),08.04% (05.69%),02.35% (01.86%),,99.73% (00.70%),99.02% (01.99%),97.04% (04.73%),92.30% (09.38%),82.92% (15.25%),67.67% (19.95%),47.72% (20.36%),27.36% (15.51%),11.85% (08.26%),03.59% (02.84%)
10,,99.70% (00.73%),98.97% (02.00%),96.97% (04.59%),92.37% (08.81%),83.56% (14.01%),69.55% (18.25%),51.30% (19.11%),32.19% (15.74%),16.45% (09.90%),06.55% (04.59%),,99.84% (00.41%),99.43% (01.20%),98.23% (02.98%),95.25% (06.28%),88.96% (11.14%),77.82% (16.39%),61.43% (19.60%),41.83% (18.52%),23.31% (13.30%),10.01% (06.89%)
11,,99.81% (00.46%),99.35% (01.28%),98.07% (03.05%),95.02% (06.20%),88.82% (10.63%),78.19% (15.28%),62.91% (18.17%),44.74% (17.60%),27.14% (13.60%),13.54% (08.18%),,99.91% (00.24%),99.66% (00.72%),98.94% (01.86%),97.08% (04.13%),92.95% (07.84%),85.11% (12.63%),72.48% (17.03%),55.45% (18.85%),36.59% (16.69%),19.90% (11.42%)
12,,99.88% (00.29%),99.59% (00.82%),98.78% (02.02%),96.76% (04.29%),92.47% (07.83%),84.64% (12.18%),72.46% (16.03%),56.43% (17.62%),38.81% (15.95%),22.85% (11.68%),,99.94% (00.14%),99.80% (00.44%),99.36% (01.15%),98.21% (02.67%),95.54% (05.37%),90.18% (09.31%),80.86% (13.81%),67.06% (17.25%),49.81% (17.85%),31.96% (14.93%)
13,,99.93% (00.18%),99.75% (00.52%),99.22% (01.33%),97.90% (02.93%),94.97% (05.63%),89.34% (09.37%),79.97% (13.39%),66.58% (16.31%),50.27% (16.75%),33.52% (14.30%),,99.97% (00.09%),99.88% (00.26%),99.62% (00.71%),98.91% (01.71%),97.20% (03.60%),93.60% (06.64%),86.96% (10.63%),76.33% (14.64%),61.68% (17.11%),44.57% (16.69%)
14,,99.95% (00.11%),99.84% (00.33%),99.50% (00.87%),98.64% (01.98%),96.66% (03.98%),92.67% (07.00%),85.67% (10.73%),74.94% (14.23%),60.70% (16.20%),44.51% (15.65%),,99.98% (00.05%),99.93% (00.16%),99.77% (00.44%),99.33% (01.08%),98.25% (02.38%),95.87% (04.62%),91.26% (07.89%),83.37% (11.76%),71.61% (15.16%),56.45% (16.69%)
15,,99.97% (00.07%),99.90% (00.21%),99.68% (00.57%),99.12% (01.33%),97.79% (02.78%),95.01% (05.13%),89.89% (08.33%),81.55% (11.87%),69.68% (14.72%),54.96% (15.76%),,99.99% (00.03%),99.96% (00.10%),99.86% (00.27%),99.59% (00.68%),98.91% (01.55%),97.36% (03.15%),94.21% (05.68%),88.53% (09.06%),79.48% (12.66%),66.81% (15.39%)
16,,99.98% (00.05%),99.94% (00.14%),99.80% (00.37%),99.43% (00.89%),98.54% (01.92%),96.63% (03.69%),92.94% (06.31%),86.63% (09.55%),77.08% (12.74%),64.34% (14.87%),,99.99% (00.02%),99.97% (00.06%),99.92% (00.16%),99.75% (00.43%),99.32% (01.00%),98.32% (02.11%),96.21% (04.00%),92.21% (06.75%),85.47% (10.11%),75.36% (13.34%)
17,,99.99% (00.03%),99.96% (00.09%),99.87% (00.24%),99.63% (00.59%),99.04% (01.31%),97.73% (02.62%),95.12% (04.68%),90.44% (07.47%),82.97% (10.61%),72.35% (13.34%),,100.00% (00.01%),99.98% (00.03%),99.95% (00.10%),99.85% (00.27%),99.58% (00.64%),98.94% (01.40%),97.54% (02.76%),94.78% (04.89%),89.88% (07.78%),82.11% (11.01%)
18,,99.99% (00.02%),99.97% (00.06%),99.92% (00.16%),99.76% (00.39%),99.37% (00.89%),98.48% (01.83%),96.65% (03.41%),93.24% (05.71%),87.53% (08.57%),78.96% (11.48%),,100.00% (00.01%),99.99% (00.02%),99.97% (00.06%),99.91% (00.17%),99.74% (00.41%),99.33% (00.92%),98.41% (01.88%),96.54% (03.48%),93.06% (05.81%),87.24% (08.74%)
1,6,75.00% (70.00%),05.00% (05.00%),,,,,,,,,5,80.00% (75.00%),05.00% (05.00%),,,,,,,,
2,,86.75% (28.50%),58.25% (51.00%),07.25% (07.00%),00.25% (00.25%),,,,,,,,88.50% (23.00%),65.50% (57.75%),07.75% (07.50%),00.25% (00.25%),,,,,,
3,,93.67% (16.05%),77.62% (31.05%),46.57% (38.54%),08.04% (07.50%),00.54% (00.52%),00.01% (00.01%),,,,,,95.22% (13.72%),81.50% (26.77%),54.72% (45.60%),09.13% (08.55%),00.58% (00.56%),00.01% (00.01%),,,,
4,,96.71% (08.35%),88.36% (19.62%),68.74% (30.62%),38.12% (30.05%),08.06% (07.28%),00.78% (00.74%),00.04% (00.03%),,,,,97.58% (06.25%),91.33% (16.78%),74.55% (28.03%),46.52% (36.85%),09.67% (08.78%),00.89% (00.85%),00.04% (00.04%),,,
5,,98.27% (04.50%),93.77% (11.43%),82.34% (21.78%),60.56% (28.79%),31.77% (24.06%),07.71% (06.75%),00.96% (00.89%),00.06% (00.06%),,,,98.83% (03.24%),95.59% (08.71%),86.88% (18.94%),67.94% (27.83%),40.11% (30.40%),09.71% (08.56%),01.16% (01.08%),00.07% (00.07%),,
6,,99.08% (02.43%),96.64% (06.59%),90.05% (14.02%),76.03% (22.78%),53.25% (26.39%),26.86% (19.68%),07.18% (06.11%),01.07% (00.97%),00.09% (00.09%),,,99.41% (01.62%),97.80% (04.73%),93.06% (10.92%),82.14% (20.34%),61.80% (26.81%),34.99% (25.53%),09.47% (08.10%),01.36% (01.25%),00.11% (00.11%),00.01% (00.01%)
7,,99.50% (01.33%),98.17% (03.76%),94.42% (08.68%),85.73% (16.02%),69.72% (22.91%),46.81% (23.85%),22.95% (16.37%),06.59% (05.46%),01.13% (01.01%),00.12% (00.11%),,99.70% (00.83%),98.88% (02.49%),96.38% (06.29%),90.10% (12.82%),77.28% (21.10%),56.18% (25.36%),30.82% (21.76%),09.06% (07.55%),01.51% (01.36%),00.15% (00.14%)
8,,99.73% (00.73%),99.00% (02.13%),96.87% (05.23%),91.63% (10.61%),81.02% (17.42%),63.60% (22.43%),41.17% (21.39%),19.78% (13.79%),05.99% (04.85%),01.14% (01.00%),,99.85% (00.42%),99.43% (01.32%),98.10% (03.49%),94.61% (07.82%),86.79% (14.36%),72.43% (21.36%),51.08% (23.71%),27.36% (18.79%),08.57% (06.96%),01.61% (01.42%)
9,,99.85% (00.40%),99.45% (01.21%),98.24% (03.11%),95.13% (06.76%),88.37% (12.30%),76.07% (18.28%),57.79% (21.54%),36.25% (19.09%),17.16% (11.74%),05.42% (04.29%),,99.92% (00.22%),99.70% (00.70%),99.01% (01.93%),97.08% (04.58%),92.50% (09.26%),83.24% (15.55%),67.69% (21.23%),46.46% (22.02%),24.44% (16.39%),08.05% (06.38%)
10,,99.92% (00.22%),99.70% (00.68%),99.01% (01.83%),97.19% (04.20%),92.98% (08.26%),84.72% (13.68%),71.04% (18.67%),52.37% (20.40%),31.97% (17.01%),14.96% (10.08%),,99.96% (00.11%),99.85% (00.37%),99.48% (01.05%),98.43% (02.63%),95.80% (05.70%),90.10% (10.57%),79.54% (16.41%),63.12% (20.82%),42.30% (20.35%),21.94% (14.43%)
11,,99.95% (00.12%),99.83% (00.39%),99.45% (01.06%),98.38% (02.57%),95.81% (05.37%),90.44% (09.66%),80.78% (14.74%),66.04% (18.69%),47.35% (19.12%),28.23% (15.13%),,99.98% (00.06%),99.92% (00.19%),99.73% (00.57%),99.16% (01.49%),97.67% (03.41%),94.26% (06.81%),87.45% (11.71%),75.74% (16.98%),58.76% (20.21%),38.55% (18.76%)
12,,99.97% (00.07%),99.91% (00.22%),99.69% (00.62%),99.07% (01.55%),97.52% (03.41%),94.12% (06.56%),87.56% (10.92%),76.64% (15.50%),61.15% (18.40%),42.75% (17.78%),,99.99% (00.03%),99.96% (00.10%),99.86% (00.31%),99.55% (00.83%),98.72% (01.99%),96.72% (04.24%),92.49% (07.88%),84.60% (12.68%),71.92% (17.29%),54.63% (19.46%)
13,,99.99% (00.04%),99.95% (00.12%),99.82% (00.36%),99.47% (00.92%),98.54% (02.12%),96.42% (04.32%),92.10% (07.72%),84.38% (11.99%),72.39% (15.96%),56.43% (17.88%),,99.99% (00.02%),99.98% (00.05%),99.92% (00.17%),99.76% (00.46%),99.30% (01.15%),98.15% (02.57%),95.58% (05.09%),90.49% (08.89%),81.60% (13.47%),68.12% (17.38%)
14,,99.99% (00.02%),99.97% (00.07%),99.90% (00.21%),99.69% (00.55%),99.15% (01.30%),97.84% (02.78%),95.06% (05.27%),89.79% (08.82%),80.97% (12.86%),68.11% (16.17%),,100.00% (00.01%),99.99% (00.03%),99.96% (00.09%),99.87% (00.25%),99.62% (00.65%),98.96% (01.52%),97.44% (03.19%),94.25% (05.96%),88.29% (09.81%),78.48% (14.09%)
15,,100.00% (00.01%),99.98% (00.04%),99.94% (00.12%),99.83% (00.32%),99.50% (00.79%),98.71% (01.76%),96.95% (03.51%),93.44% (06.24%),87.21% (09.82%),77.39% (13.54%),,100.00% (00.00%),99.99% (00.02%),99.98% (00.05%),99.93% (00.14%),99.79% (00.37%),99.42% (00.89%),98.53% (01.95%),96.58% (03.85%),92.72% (06.80%),85.92% (10.64%)
16,,100.00% (00.01%),99.99% (00.02%),99.97% (00.07%),99.90% (00.19%),99.71% (00.48%),99.23% (01.10%),98.13% (02.29%),95.85% (04.28%),91.57% (07.18%),84.39% (10.70%),,100.00% (00.00%),100.00% (00.01%),99.99% (00.03%),99.96% (00.08%),99.89% (00.21%),99.68% (00.52%),99.16% (01.17%),97.99% (02.43%),95.56% (04.54%),91.02% (07.62%)
17,,100.00% (00.00%),99.99% (00.01%),99.98% (00.04%),99.94% (00.11%),99.83% (00.29%),99.55% (00.68%),98.87% (01.46%),97.40% (02.87%),94.53% (05.08%),89.45% (08.08%),,100.00% (00.00%),100.00% (00.00%),99.99% (00.01%),99.98% (00.04%),99.94% (00.12%),99.82% (00.29%),99.53% (00.69%),98.83% (01.50%),97.34% (02.94%),94.40% (05.24%)
18,,100.00% (00.00%),100.00% (00.01%),99.99% (00.02%),99.97% (00.06%),99.90% (00.17%),99.73% (00.41%),99.32% (00.93%),98.39% (01.89%),96.51% (03.50%),93.00% (05.89%),,100.00% (00.00%),100.00% (00.00%),100.00% (00.01%),99.99% (00.02%),99.97% (00.06%),99.90% (00.17%),99.74% (00.41%),99.33% (00.91%),98.42% (01.86%),96.56% (03.49%)
1,4,85.00% (80.00%),05.00% (05.00%),,,,,,,,,3,90.00% (85.00%),05.00% (05.00%),,,,,,,,
2,,89.75% (16.50%),73.25% (65.00%),08.25% (08.00%),00.25% (00.25%),,,,,,,,90.50% (09.00%),81.50% (72.75%),08.75% (08.50%),00.25% (00.25%),,,,,,
3,,96.63% (12.15%),84.48% (20.55%),63.93% (53.64%),10.29% (09.68%),00.61% (00.60%),00.01% (00.01%),,,,,,97.95% (11.55%),86.40% (12.15%),74.25% (62.72%),11.53% (10.88%),00.65% (00.64%),00.01% (00.01%),,,,
4,,98.21% (04.31%),93.90% (14.58%),79.32% (22.90%),56.42% (44.94%),11.49% (10.48%),01.01% (00.97%),00.04% (00.04%),,,,,98.60% (02.35%),96.25% (13.63%),82.63% (14.59%),68.04% (54.50%),13.54% (12.41%),01.13% (01.09%),00.04% (00.04%),,,
5,,99.25% (02.35%),96.91% (06.12%),90.79% (16.42%),74.37% (24.06%),50.30% (38.19%),12.11% (10.73%),01.38% (01.30%),00.08% (00.08%),,,,99.59% (01.84%),97.74% (03.46%),94.28% (15.15%),79.12% (16.42%),62.70% (47.73%),14.97% (13.33%),01.64% (01.55%),00.09% (00.09%),,
6,,99.63% (01.01%),98.63% (03.34%),95.29% (07.86%),87.43% (17.76%),69.67% (24.43%),45.24% (32.89%),12.35% (10.63%),01.72% (01.58%),00.14% (00.13%),00.01% (00.01%),,99.76% (00.52%),99.24% (02.51%),96.73% (04.62%),92.12% (16.26%),75.85% (17.77%),58.08% (42.13%),15.95% (13.80%),02.15% (01.99%),00.16% (00.15%),00.01% (00.01%)
7,,99.83% (00.50%),99.33% (01.55%),97.78% (04.40%),93.39% (09.45%),83.93% (18.69%),65.25% (24.25%),41.00% (28.68%),12.32% (10.31%),02.01% (01.81%),00.20% (00.18%),,99.92% (00.32%),99.60% (00.81%),98.79% (03.20%),95.58% (05.75%),89.83% (17.05%),72.78% (18.72%),54.07% (37.49%),16.57% (13.94%),02.63% (02.39%),00.24% (00.23%)
8,,99.92% (00.23%),99.69% (00.78%),98.90% (02.18%),96.73% (05.47%),91.25% (10.86%),80.39% (19.28%),61.11% (23.72%),37.39% (25.28%),12.12% (09.87%),02.24% (01.98%),,99.96% (00.11%),99.85% (00.48%),99.37% (01.15%),98.22% (03.90%),94.32% (06.84%),87.48% (17.59%),69.89% (19.33%),50.56% (33.62%),16.94% (13.86%),03.08% (02.74%)
9,,99.96% (00.11%),99.85% (00.38%),99.47% (01.13%),98.34% (02.87%),95.47% (06.54%),88.93% (12.08%),76.86% (19.60%),57.25% (22.96%),34.29% (22.49%),11.80% (09.37%),,99.98% (00.06%),99.92% (00.18%),99.75% (00.66%),99.08% (01.54%),97.54% (04.60%),92.95% (07.85%),85.09% (17.94%),67.15% (19.69%),47.47% (30.37%),17.09% (13.61%)
10,,99.98% (00.05%),99.93% (00.19%),99.74% (00.56%),99.18% (01.54%),97.64% (03.61%),94.03% (07.56%),86.47% (13.10%),73.37% (19.71%),53.66% (22.07%),31.60% (20.19%),,99.99% (00.02%),99.97% (00.09%),99.88% (00.26%),99.61% (00.88%),98.73% (01.96%),96.77% (05.27%),91.49% (08.79%),82.71% (18.15%),64.56% (19.83%),44.73% (27.63%)
11,,99.99% (00.03%),99.96% (00.09%),99.87% (00.29%),99.59% (00.79%),98.80% (02.00%),96.80% (04.38%),92.42% (08.52%),83.90% (13.93%),69.97% (19.64%),50.33% (21.10%),,100.00% (00.01%),99.99% (00.04%),99.95% (00.14%),99.81% (00.37%),99.44% (01.12%),98.32% (02.42%),95.90% (05.93%),89.97% (09.63%),80.34% (18.24%),62.11% (19.81%)
12,,100.00% (00.01%),99.98% (00.04%),99.94% (00.14%),99.80% (00.41%),99.38% (01.07%),98.32% (02.50%),95.82% (05.15%),90.67% (09.41%),81.25% (14.59%),66.66% (19.43%),,100.00% (00.00%),99.99% (00.02%),99.98% (00.06%),99.92% (00.19%),99.72% (00.50%),99.23% (01.39%),97.84% (02.89%),94.95% (06.55%),88.39% (10.38%),78.01% (18.24%)
13,,100.00% (00.01%),99.99% (00.02%),99.97% (00.07%),99.90% (00.21%),99.69% (00.57%),99.12% (01.38%),97.74% (03.04%),94.70% (05.92%),88.78% (10.22%),78.56% (15.09%),,100.00% (00.00%),100.00% (00.01%),99.99% (00.03%),99.96% (00.08%),99.88% (00.26%),99.61% (00.65%),98.97% (01.68%),97.29% (03.37%),93.92% (07.15%),86.77% (11.05%)
14,,100.00% (00.00%),100.00% (00.01%),99.99% (00.04%),99.95% (00.11%),99.84% (00.30%),99.54% (00.76%),98.79% (01.73%),97.05% (03.60%),93.45% (06.66%),86.79% (10.94%),,100.00% (00.00%),100.00% (00.00%),99.99% (00.01%),99.98% (00.04%),99.94% (00.12%),99.82% (00.34%),99.48% (00.82%),98.66% (01.99%),96.68% (03.86%),92.82% (07.70%)
15,,100.00% (00.00%),100.00% (00.01%),99.99% (00.02%),99.98% (00.05%),99.92% (00.16%),99.77% (00.41%),99.36% (00.97%),98.39% (02.12%),96.27% (04.18%),92.09% (07.37%),,100.00% (00.00%),100.00% (00.00%),100.00% (00.01%),99.99% (00.02%),99.97% (00.06%),99.91% (00.16%),99.75% (00.44%),99.31% (01.00%),98.31% (02.31%),96.01% (04.35%)
16,,100.00% (00.00%),100.00% (00.00%),100.00% (00.01%),99.99% (00.03%),99.96% (00.08%),99.88% (00.22%),99.66% (00.54%),99.13% (01.22%),97.91% (02.53%),95.38% (04.77%),,100.00% (00.00%),100.00% (00.00%),100.00% (00.00%),100.00% (00.01%),99.99% (00.03%),99.96% (00.08%),99.88% (00.21%),99.67% (00.55%),99.12% (01.21%),97.91% (02.64%)
17,,100.00% (00.00%),100.00% (00.00%),100.00% (00.00%),99.99% (00.01%),99.98% (00.04%),99.94% (00.11%),99.82% (00.29%),99.53% (00.69%),98.84% (01.49%),97.35% (02.96%),,100.00% (00.00%),100.00% (00.00%),100.00% (00.00%),100.00% (00.00%),99.99% (00.01%),99.98% (00.04%),99.94% (00.11%),99.83% (00.27%),99.56% (00.67%),98.90% (01.43%)
18,,100.00% (00.00%),100.00% (00.00%),100.00% (00.00%),100.00% (00.01%),99.99% (00.02%),99.97% (00.06%),99.91% (00.16%),99.75% (00.38%),99.37% (00.86%),98.51% (01.79%),,100.00% (00.00%),100.00% (00.00%),100.00% (00.00%),100.00% (00.00%),100.00% (00.01%),99.99% (00.02%),99.97% (00.05%),99.92% (00.14%),99.78% (00.34%),99.44% (00.80%)
